id,first_name,last_name,email,gender
1234,Murry,Roath,mroath0@reference.com,Male
1235,Haley,Davitt,hdavitt1@t-online.de,Female
1236,Wilbur,Firth,wfirth2@amazon.de,Male
1237,Ephraim,Bremmell,ebremmell3@globo.com,Male
1238,Melita,Dyment,mdyment4@infoseek.co.jp,Female
1239,Kristo,Digges,kdigges5@w3.org,Male
1240,Cherice,Sommerfeld,csommerfeld6@exblog.jp,Female
1241,Cleavland,Oulet,coulet7@craigslist.org,Male
1242,Dom,MacCague,dmaccague8@dell.com,Male
1243,Wenda,Cairney,wcairney9@quantcast.com,Female
1244,Andres,Obbard,aobbarda@thetimes.co.uk,Male
1245,Dante,Spivey,dspiveyb@g.co,Male
1246,Brock,Pinyon,bpinyonc@skype.com,Male
1247,Bent,Polfer,bpolferd@dailymail.co.uk,Male
1248,Dannye,Dando,ddandoe@biglobe.ne.jp,Female
1249,Gratiana,Mithun,gmithunf@nydailynews.com,Female
1250,Rudolfo,Petersen,rpeterseng@smugmug.com,Male
1251,Ralina,Culp,rculph@sun.com,Female
1252,Jo-anne,Kitney,jkitneyi@pinterest.com,Female
1253,Shawna,Aish,saishj@cam.ac.uk,Female
1254,Eileen,Vines,evinesk@xrea.com,Female
1255,Katherine,Aleksahkin,kaleksahkinl@about.com,Female
1256,Melitta,Fawdry,mfawdrym@google.com,Female
1257,Sharona,Assinder,sassindern@irs.gov,Female
1258,Cullin,O'Sullivan,cosullivano@comsenz.com,Male
1259,Mathilda,Rolley,mrolleyp@studiopress.com,Female
1260,Isidore,Goldsbrough,igoldsbroughq@answers.com,Male
1261,Rosco,Nutting,rnuttingr@newyorker.com,Male
1262,Gisela,Raigatt,graigatts@taobao.com,Female
1263,Sile,Shone,sshonet@princeton.edu,Female
1264,Kerry,McCaghan,kmccaghanu@nymag.com,Female
1265,Eleanor,Ferneyhough,eferneyhoughv@ucsd.edu,Female
1266,Cyndi,Clash,cclashw@mapy.cz,Female
1267,Olia,Stalf,ostalfx@cargocollective.com,Female
1268,Harri,Kingswell,hkingswelly@blinklist.com,Female
1269,Tammie,Hazeldene,thazeldenez@goo.ne.jp,Male
1270,Kristien,McCromley,kmccromley10@ocn.ne.jp,Female
1271,Hope,Lethabridge,hlethabridge11@prlog.org,Female
1272,Timothy,Broseman,tbroseman12@privacy.gov.au,Male
1273,Lennie,Gerram,lgerram13@1688.com,Male
1274,Adelaida,Adolphine,aadolphine14@dyndns.org,Female
1275,Jory,Lippiett,jlippiett15@plala.or.jp,Male
1276,Giles,Canton,gcanton16@livejournal.com,Male
1277,Grissel,Packington,gpackington17@friendfeed.com,Female
1278,Teresina,Batchelor,tbatchelor18@tumblr.com,Female
1279,Franchot,Dymond,fdymond19@goo.gl,Male
1280,Eran,Jakes,ejakes1a@nsw.gov.au,Female
1281,Cheston,Thowes,cthowes1b@ustream.tv,Male
1282,Shaughn,Jindrich,sjindrich1c@chronoengine.com,Male
1283,Carley,Durand,cdurand1d@google.ca,Female
1284,Giacomo,Dacks,gdacks1e@unblog.fr,Male
1285,Rosabelle,Whale,rwhale1f@360.cn,Female
1286,Hetty,Blaske,hblaske1g@blogtalkradio.com,Female
1287,Issi,Richens,irichens1h@pinterest.com,Female
1288,Donaugh,Bromby,dbromby1i@mail.ru,Male
1289,Che,Brisse,cbrisse1j@harvard.edu,Male
1290,Dino,Shinner,dshinner1k@hc360.com,Male
1291,Read,Brunone,rbrunone1l@vistaprint.com,Male
1292,Marinna,Falcus,mfalcus1m@buzzfeed.com,Female
1293,Warren,Gellately,wgellately1n@time.com,Male
1294,Mart,Rosenbloom,mrosenbloom1o@163.com,Male
1295,Myron,Marson,mmarson1p@mozilla.org,Male
1296,Tabatha,Besnard,tbesnard1q@hostgator.com,Female
1297,Sonni,Strand,sstrand1r@nytimes.com,Female
1298,Jae,Whittet,jwhittet1s@shutterfly.com,Male
1299,Duff,Olenikov,dolenikov1t@latimes.com,Male
1300,Rowland,McSkin,rmcskin1u@hibu.com,Male
1301,Alberik,Shory,ashory1v@dailymail.co.uk,Male
1302,Denny,Ouchterlony,douchterlony1w@blinklist.com,Male
1303,Marsiella,Westraw,mwestraw1x@admin.ch,Female
1304,Dorolice,Clark,dclark1y@imageshack.us,Female
1305,Sarita,Brachell,sbrachell1z@sciencedirect.com,Female
1306,Tully,Biggadyke,tbiggadyke20@amazon.de,Male
1307,Lauri,Heather,lheather21@etsy.com,Female
1308,Jacinta,Matelaitis,jmatelaitis22@berkeley.edu,Female
1309,Renaldo,Strippel,rstrippel23@qq.com,Male
1310,Whit,Drewett,wdrewett24@redcross.org,Male
1311,Francisco,Chatell,fchatell25@independent.co.uk,Male
1312,Robin,Methven,rmethven26@auda.org.au,Female
1313,Boothe,Fiddiman,bfiddiman27@cocolog-nifty.com,Male
1314,Starla,Eschalette,seschalette28@seattletimes.com,Female
1315,Larine,Siegertsz,lsiegertsz29@php.net,Female
1316,Benedikta,Witherspoon,bwitherspoon2a@pagesperso-orange.fr,Female
1317,Crystal,Burr,cburr2b@tiny.cc,Female
1318,Alford,Raspin,araspin2c@diigo.com,Male
1319,Dexter,Staziker,dstaziker2d@economist.com,Male
1320,Fallon,Mazonowicz,fmazonowicz2e@mozilla.org,Female
1321,Dolli,Aikin,daikin2f@jiathis.com,Female
1322,Sydney,Cordingly,scordingly2g@admin.ch,Female
1323,Gray,Maggs,gmaggs2h@1und1.de,Male
1324,Amos,Delgardillo,adelgardillo2i@un.org,Male
1325,Gratia,Wong,gwong2j@google.es,Female
1326,Isadore,Scutts,iscutts2k@sogou.com,Male
1327,Wright,Waldocke,wwaldocke2l@usgs.gov,Male
1328,Merilyn,Herreran,mherreran2m@photobucket.com,Female
1329,Gabriell,Grant,ggrant2n@zimbio.com,Female
1330,Shea,Zamudio,szamudio2o@pagesperso-orange.fr,Female
1331,Mike,Hurdidge,mhurdidge2p@yandex.ru,Male
1332,Brenn,De Dantesie,bdedantesie2q@g.co,Female
1333,Erina,Zorzetti,ezorzetti2r@dell.com,Female
1334,Carmen,MacKimm,cmackimm2s@tripadvisor.com,Female
1335,Iver,Ryde,iryde2t@pcworld.com,Male
1336,Graehme,Bosche,gbosche2u@theatlantic.com,Male
1337,Kassie,Wem,kwem2v@cpanel.net,Female
1338,Aaron,Golden,agolden2w@arizona.edu,Male
1339,Samuele,Hilbourne,shilbourne2x@jimdo.com,Male
1340,Bartie,Mabbutt,bmabbutt2y@cpanel.net,Male
1341,Karoline,Kitto,kkitto2z@purevolume.com,Female
1342,Zebedee,Withrington,zwithrington30@ibm.com,Male
1343,Dorena,Dyott,ddyott31@google.fr,Female
1344,Teriann,Adamides,tadamides32@go.com,Female
1345,Berkley,Dericot,bdericot33@slate.com,Male
1346,Dorry,Fryett,dfryett34@example.com,Female
1347,Laryssa,Colisbe,lcolisbe35@shop-pro.jp,Female
1348,Zachary,Pack,zpack36@rediff.com,Male
1349,Matelda,Longland,mlongland37@fotki.com,Female
1350,Felipe,Bourhill,fbourhill38@slashdot.org,Male
1351,Cordell,Scemp,cscemp39@aboutads.info,Male
1352,Zebulon,Craker,zcraker3a@latimes.com,Male
1353,Jillie,Rivett,jrivett3b@jiathis.com,Female
1354,Clare,Tivolier,ctivolier3c@ifeng.com,Male
1355,Roseann,Creser,rcreser3d@cam.ac.uk,Female
1356,Morgen,Czajka,mczajka3e@nymag.com,Female
1357,Trula,Lademann,tlademann3f@a8.net,Female
1358,Kincaid,Mithun,kmithun3g@mayoclinic.com,Male
1359,Jamesy,McGilbon,jmcgilbon3h@clickbank.net,Male
1360,Devin,Beville,dbeville3i@skype.com,Female
1361,Hernando,Jest,hjest3j@goo.gl,Male
1362,Sonnie,Vlies,svlies3k@phpbb.com,Male
1363,Yule,Auchinleck,yauchinleck3l@instagram.com,Male
1364,Shurwood,Matthews,smatthews3m@omniture.com,Male
1365,Chick,Kernan,ckernan3n@nba.com,Male
1366,Lynnea,Jeanin,ljeanin3o@hhs.gov,Female
1367,Barrie,Beldam,bbeldam3p@answers.com,Male
1368,Abbe,Erswell,aerswell3q@usa.gov,Male
1369,Brian,Blaase,bblaase3r@1und1.de,Male
1370,Bennie,Zorzenoni,bzorzenoni3s@posterous.com,Male
1371,Deni,Niaves,dniaves3t@alibaba.com,Female
1372,Cullan,Alcorn,calcorn3u@comsenz.com,Male
1373,Stuart,Neumann,sneumann3v@nature.com,Male
1374,Hagen,Denisyuk,hdenisyuk3w@sciencedirect.com,Male
1375,Alaster,Deveraux,adeveraux3x@prlog.org,Male
1376,Stephanus,Suddock,ssuddock3y@reverbnation.com,Male
1377,Horten,Frontczak,hfrontczak3z@google.cn,Male
1378,Scarface,Hamel,shamel40@upenn.edu,Male
1379,Damara,Rowbotham,drowbotham41@webmd.com,Female
1380,Glenn,Darrington,gdarrington42@geocities.com,Male
1381,Anthony,Rylett,arylett43@pen.io,Male
1382,Hamnet,Orht,horht44@so-net.ne.jp,Male
1383,Anestassia,McGlaughn,amcglaughn45@senate.gov,Female
1384,Valentia,Teese,vteese46@jalbum.net,Female
1385,Angie,Antonchik,aantonchik47@webs.com,Male
1386,Jessy,Josofovitz,jjosofovitz48@woothemes.com,Female
1387,Niel,Thies,nthies49@chron.com,Male
1388,Pete,Howbrook,phowbrook4a@arstechnica.com,Male
1389,Paco,Espine,pespine4b@zimbio.com,Male
1390,Yolane,Ferier,yferier4c@nyu.edu,Female
1391,Kamillah,Mathy,kmathy4d@bizjournals.com,Female
1392,Marie-ann,Ferrario,mferrario4e@unc.edu,Female
1393,Brande,O'Gorman,bogorman4f@nps.gov,Female
1394,Heddi,Cancellieri,hcancellieri4g@parallels.com,Female
1395,Karalynn,Stealey,kstealey4h@meetup.com,Female
1396,Westleigh,Pettett,wpettett4i@nba.com,Male
1397,Sisely,Cattermull,scattermull4j@gravatar.com,Female
1398,Nikki,Wisniewski,nwisniewski4k@cafepress.com,Male
1399,Kellyann,Scrivenor,kscrivenor4l@domainmarket.com,Female
1400,Gipsy,Tatton,gtatton4m@biglobe.ne.jp,Female
1401,Pepi,Pagnin,ppagnin4n@photobucket.com,Female
1402,Bibbie,Gudahy,bgudahy4o@upenn.edu,Female
1403,Florencia,Gozzett,fgozzett4p@earthlink.net,Female
1404,Gabbie,Passo,gpasso4q@ask.com,Male
1405,Kin,Brewers,kbrewers4r@jugem.jp,Male
1406,Bertie,Leatherbarrow,bleatherbarrow4s@exblog.jp,Male
1407,Sullivan,Groombridge,sgroombridge4t@amazon.co.jp,Male
1408,Silvano,Rundall,srundall4u@devhub.com,Male
1409,Shannon,Nudde,snudde4v@stumbleupon.com,Male
1410,Merwyn,Reade,mreade4w@springer.com,Male
1411,Angil,Nolda,anolda4x@weather.com,Female
1412,Rutherford,Slott,rslott4y@squidoo.com,Male
1413,Melly,Matteris,mmatteris4z@ovh.net,Female
1414,Garwood,Fazan,gfazan50@themeforest.net,Male
1415,Evan,Colloff,ecolloff51@columbia.edu,Male
1416,Kelly,Badham,kbadham52@discovery.com,Female
1417,Kania,Spain,kspain53@ucla.edu,Female
1418,Louie,Walburn,lwalburn54@wunderground.com,Male
1419,Ben,Skillen,bskillen55@deviantart.com,Male
1420,Novelia,Goward,ngoward56@vistaprint.com,Female
1421,Gery,Firks,gfirks57@cafepress.com,Male
1422,Timi,Kirkland,tkirkland58@bigcartel.com,Female
1423,Dilan,McWilliams,dmcwilliams59@themeforest.net,Male
1424,Cobbie,Champerlen,cchamperlen5a@cdbaby.com,Male
1425,Idaline,Jupe,ijupe5b@jalbum.net,Female
1426,Cori,Dixey,cdixey5c@sohu.com,Female
1427,Allyson,De La Hay,adelahay5d@hostgator.com,Female
1428,Garv,Gynni,ggynni5e@ehow.com,Male
1429,Cross,Dugood,cdugood5f@blog.com,Male
1430,Nata,Fullard,nfullard5g@i2i.jp,Female
1431,Ely,Snowman,esnowman5h@nationalgeographic.com,Male
1432,Kimmy,Tilson,ktilson5i@google.fr,Female
1433,Erin,Seys,eseys5j@pinterest.com,Female
1434,Pat,Cranefield,pcranefield5k@yandex.ru,Male
1435,Meagan,Amar,mamar5l@hexun.com,Female
1436,Bowie,Carp,bcarp5m@buzzfeed.com,Male
1437,Paten,Kleimt,pkleimt5n@bloglovin.com,Male
1438,Janean,Freeberne,jfreeberne5o@si.edu,Female
1439,Mufi,Golston,mgolston5p@oracle.com,Female
1440,Westleigh,Darrington,wdarrington5q@economist.com,Male
1441,Ruthy,Farnorth,rfarnorth5r@etsy.com,Female
1442,Pamelina,Fishly,pfishly5s@geocities.jp,Female
1443,Briny,Landsberg,blandsberg5t@geocities.com,Female
1444,Grantley,Doolan,gdoolan5u@arizona.edu,Male
1445,Mayne,Dubique,mdubique5v@ocn.ne.jp,Male
1446,Rabi,Van Zon,rvanzon5w@wikipedia.org,Male
1447,Wyatan,Bullon,wbullon5x@scribd.com,Male
1448,Catharina,Gooder,cgooder5y@hibu.com,Female
1449,Werner,Dimmock,wdimmock5z@aol.com,Male
1450,Darcy,Cofax,dcofax60@blogger.com,Male
1451,Salvidor,Petken,spetken61@unc.edu,Male
1452,Ev,Lindemann,elindemann62@sina.com.cn,Male
1453,Nessi,Latehouse,nlatehouse63@people.com.cn,Female
1454,Clayton,Amos,camos64@dot.gov,Male
1455,Bethina,Corbould,bcorbould65@issuu.com,Female
1456,Ronda,Oleksiak,roleksiak66@state.gov,Female
1457,Rhianon,Aupol,raupol67@trellian.com,Female
1458,Orton,Hiscoke,ohiscoke68@woothemes.com,Male
1459,Faythe,Ever,fever69@tmall.com,Female
1460,Verine,Goldis,vgoldis6a@icio.us,Female
1461,Annabela,Delany,adelany6b@usatoday.com,Female
1462,Addie,De Vuyst,adevuyst6c@ucsd.edu,Female
1463,Chandler,Bucham,cbucham6d@dailymail.co.uk,Male
1464,Robyn,Cater,rcater6e@intel.com,Female
1465,Lorilyn,McGilvary,lmcgilvary6f@java.com,Female
1466,Morgen,Kearford,mkearford6g@usgs.gov,Male
1467,Israel,Aleevy,ialeevy6h@arizona.edu,Male
1468,Corinna,Mowson,cmowson6i@tripod.com,Female
1469,Berkley,Arniz,barniz6j@spiegel.de,Male
1470,Valaree,Simeons,vsimeons6k@taobao.com,Female
1471,Waldo,Pullan,wpullan6l@smugmug.com,Male
1472,Mohandis,Linklet,mlinklet6m@ed.gov,Male
1473,Portia,Midden,pmidden6n@51.la,Female
1474,Ned,Gorsse,ngorsse6o@digg.com,Male
1475,Godfrey,Drinnan,gdrinnan6p@twitter.com,Male
1476,Ruben,Goffe,rgoffe6q@spiegel.de,Male
1477,Rowney,Hymers,rhymers6r@house.gov,Male
1478,Bryana,Beavan,bbeavan6s@google.ca,Female
1479,Field,Najafian,fnajafian6t@prweb.com,Male
1480,Genia,Drewe,gdrewe6u@umich.edu,Female
1481,Maryanna,McEwen,mmcewen6v@creativecommons.org,Female
1482,Jobyna,McPheat,jmcpheat6w@wp.com,Female
1483,Brittani,Foynes,bfoynes6x@telegraph.co.uk,Female
1484,Dani,Hills,dhills6y@slideshare.net,Female
1485,Linnea,Grzes,lgrzes6z@geocities.com,Female
1486,Pierson,Celle,pcelle70@mapy.cz,Male
1487,Hartwell,Sweeney,hsweeney71@cloudflare.com,Male
1488,Corabel,Tilberry,ctilberry72@51.la,Female
1489,Amara,Domenichini,adomenichini73@wikispaces.com,Female
1490,Sydney,Filippone,sfilippone74@last.fm,Male
1491,Parke,Fermoy,pfermoy75@homestead.com,Male
1492,Felita,Cordsen,fcordsen76@si.edu,Female
1493,Nat,Niles,nniles77@google.fr,Male
1494,Julianne,Avrahm,javrahm78@vkontakte.ru,Female
1495,Jonas,Holehouse,jholehouse79@ucsd.edu,Male
1496,Skipton,Vanyushkin,svanyushkin7a@auda.org.au,Male
1497,Sharron,Maddrah,smaddrah7b@epa.gov,Female
1498,Eben,Marrian,emarrian7c@joomla.org,Male
1499,Somerset,Nolte,snolte7d@moonfruit.com,Male
1500,Corinne,De Lorenzo,cdelorenzo7e@tmall.com,Female
1501,Lea,Cator,lcator7f@china.com.cn,Female
1502,Guthrey,Baumadier,gbaumadier7g@seattletimes.com,Male
1503,Eartha,Gumary,egumary7h@about.me,Female
1504,Franciska,Spiby,fspiby7i@themeforest.net,Female
1505,Reube,Howler,rhowler7j@ovh.net,Male
1506,Ernestine,Wedmore,ewedmore7k@soundcloud.com,Female
1507,Christin,Boatswain,cboatswain7l@reuters.com,Female
1508,Brandon,Anwyl,banwyl7m@uiuc.edu,Male
1509,Milicent,Cathenod,mcathenod7n@taobao.com,Female
1510,Keary,Kenney,kkenney7o@va.gov,Male
1511,Markos,Wapplington,mwapplington7p@people.com.cn,Male
1512,Denice,Instock,dinstock7q@prlog.org,Female
1513,Karlis,Skedgell,kskedgell7r@time.com,Male
1514,Lyon,Thornborrow,lthornborrow7s@1und1.de,Male
1515,Mil,Batterbee,mbatterbee7t@studiopress.com,Female
1516,Susanetta,Castagnier,scastagnier7u@merriam-webster.com,Female
1517,Paige,Keith,pkeith7v@dyndns.org,Male
1518,Carena,Romaines,cromaines7w@buzzfeed.com,Female
1519,Neville,Trevains,ntrevains7x@tuttocitta.it,Male
1520,Joleen,Beamson,jbeamson7y@auda.org.au,Female
1521,Delano,Tilte,dtilte7z@vk.com,Male
1522,Lucilia,Elderidge,lelderidge80@irs.gov,Female
1523,Sasha,Gonnel,sgonnel81@squarespace.com,Female
1524,Susanna,Latliff,slatliff82@pbs.org,Female
1525,Aindrea,Paulsen,apaulsen83@clickbank.net,Female
1526,Jenna,Stanfield,jstanfield84@squidoo.com,Female
1527,Thea,Dunkerton,tdunkerton85@nasa.gov,Female
1528,Joana,Bartolozzi,jbartolozzi86@craigslist.org,Female
1529,Kylie,Keelinge,kkeelinge87@uiuc.edu,Male
1530,Brigitta,Bagby,bbagby88@mysql.com,Female
1531,Stanford,Leyre,sleyre89@trellian.com,Male
1532,Richy,Vesco,rvesco8a@behance.net,Male
1533,Mathe,Liddicoat,mliddicoat8b@cbslocal.com,Male
1534,Bastien,Sprull,bsprull8c@geocities.com,Male
1535,Clare,Smoth,csmoth8d@amazon.co.uk,Male
1536,Rosco,Gummoe,rgummoe8e@newyorker.com,Male
1537,Sim,Kliemke,skliemke8f@fc2.com,Male
1538,Pattie,McKay,pmckay8g@pbs.org,Female
1539,Goldy,Dilley,gdilley8h@slideshare.net,Female
1540,Cloe,Slym,cslym8i@cmu.edu,Female
1541,Robinson,Cuppitt,rcuppitt8j@discuz.net,Male
1542,Maressa,Danat,mdanat8k@sogou.com,Female
1543,Cinderella,Gelletly,cgelletly8l@youku.com,Female
1544,Quintana,Robberecht,qrobberecht8m@lulu.com,Female
1545,Natal,Walisiak,nwalisiak8n@squarespace.com,Male
1546,Toby,Kienle,tkienle8o@scientificamerican.com,Male
1547,Emera,Iacovino,eiacovino8p@chron.com,Female
1548,Casandra,Gonzalvo,cgonzalvo8q@cocolog-nifty.com,Female
1549,Natasha,Szymanski,nszymanski8r@abc.net.au,Female
1550,Gordan,La Batie,glabatie8s@cisco.com,Male
1551,Nat,Caistor,ncaistor8t@cam.ac.uk,Male
1552,Costanza,Samsin,csamsin8u@ask.com,Female
1553,Allie,Birtchnell,abirtchnell8v@gmpg.org,Male
1554,Matthias,Palphreyman,mpalphreyman8w@netvibes.com,Male
1555,Blythe,Miguet,bmiguet8x@booking.com,Female
1556,Ree,Cleaveland,rcleaveland8y@paypal.com,Female
1557,Amber,Kornilov,akornilov8z@linkedin.com,Female
1558,Shannan,Hamsson,shamsson90@wordpress.org,Male
1559,Ugo,Peeke-Vout,upeekevout91@skyrock.com,Male
1560,Florinda,Edess,fedess92@toplist.cz,Female
1561,Ninnetta,Mabone,nmabone93@sun.com,Female
1562,Alvinia,Legrave,alegrave94@tripod.com,Female
1563,Rhodia,Snailham,rsnailham95@furl.net,Female
1564,Antony,Vollam,avollam96@nytimes.com,Male
1565,Ervin,Jelks,ejelks97@geocities.com,Male
1566,Kinnie,Ginity,kginity98@foxnews.com,Male
1567,Bernard,Villa,bvilla99@vimeo.com,Male
1568,Dulcine,Bilofsky,dbilofsky9a@gov.uk,Female
1569,Tallie,Caldero,tcaldero9b@parallels.com,Male
1570,Tammie,Moyler,tmoyler9c@economist.com,Male
1571,Anallese,Albarez,aalbarez9d@instagram.com,Female
1572,Sarene,Goulder,sgoulder9e@ihg.com,Female
1573,Curran,Footitt,cfootitt9f@blogs.com,Male
1574,Roi,Poley,rpoley9g@google.de,Male
1575,Karie,Cressar,kcressar9h@imgur.com,Female
1576,Lesya,Nugent,lnugent9i@latimes.com,Female
1577,Thaine,Shellsheere,tshellsheere9j@imageshack.us,Male
1578,Darcee,McKennan,dmckennan9k@phoca.cz,Female
1579,Al,Jozefiak,ajozefiak9l@cornell.edu,Male
1580,Eadmund,Tampling,etampling9m@timesonline.co.uk,Male
1581,Claudianus,Ferneyhough,cferneyhough9n@sitemeter.com,Male
1582,Dinnie,Cooch,dcooch9o@gnu.org,Female
1583,Holly,Henfre,hhenfre9p@360.cn,Male
1584,Elianore,Bellis,ebellis9q@telegraph.co.uk,Female
1585,Lion,Farish,lfarish9r@issuu.com,Male
1586,Mordecai,Bramhill,mbramhill9s@yahoo.co.jp,Male
1587,Averell,Elcoux,aelcoux9t@nhs.uk,Male
1588,Nertie,Beamond,nbeamond9u@hatena.ne.jp,Female
1589,Charis,Foster,cfoster9v@bandcamp.com,Female
1590,Ezequiel,Santostefano.,esantostefano9w@sciencedaily.com,Male
1591,Franky,Paolotto,fpaolotto9x@amazon.com,Male
1592,Keriann,Ferrarello,kferrarello9y@webs.com,Female
1593,Henrietta,Muddimer,hmuddimer9z@youtube.com,Female
1594,Caren,Wozencraft,cwozencrafta0@samsung.com,Female
1595,Garreth,Klugman,gklugmana1@google.nl,Male
1596,Charmane,Narey,cnareya2@slideshare.net,Female
1597,Betty,Eskriett,beskrietta3@webmd.com,Female
1598,Kristofer,Bilbrooke,kbilbrookea4@vkontakte.ru,Male
1599,Lindi,Vennard,lvennarda5@washington.edu,Female
1600,Tiphani,Bromfield,tbromfielda6@webeden.co.uk,Female
1601,Annabelle,Ivashkov,aivashkova7@nasa.gov,Female
1602,Avram,Tofanini,atofaninia8@unblog.fr,Male
1603,Lucienne,Tuson,ltusona9@census.gov,Female
1604,Faun,Rickaby,frickabyaa@amazon.de,Female
1605,Phaedra,Kinnin,pkinninab@chronoengine.com,Female
1606,Katey,Guilbert,kguilbertac@cisco.com,Female
1607,Raddy,Blanc,rblancad@huffingtonpost.com,Male
1608,Matty,Tejero,mtejeroae@wordpress.org,Male
1609,Margaretta,O'Geaney,mogeaneyaf@ifeng.com,Female
1610,Sadie,Instone,sinstoneag@vkontakte.ru,Female
1611,Daren,Tregunnah,dtregunnahah@craigslist.org,Male
1612,Idelle,Durgan,idurganai@cmu.edu,Female
1613,Wendeline,Plait,wplaitaj@photobucket.com,Female
1614,Chico,Beves,cbevesak@abc.net.au,Male
1615,Lenna,Jerrems,ljerremsal@instagram.com,Female
1616,Elyssa,MacNamee,emacnameeam@uiuc.edu,Female
1617,Sayre,Pendrich,spendrichan@oaic.gov.au,Male
1618,Cybil,Stainsby,cstainsbyao@nasa.gov,Female
1619,Deny,Tampling,dtamplingap@intel.com,Female
1620,Diego,Guichard,dguichardaq@dyndns.org,Male
1621,Hamlen,Whitehorn,hwhitehornar@usatoday.com,Male
1622,Rosabella,Littlejohn,rlittlejohnas@un.org,Female
1623,Niki,Chopy,nchopyat@de.vu,Male
1624,Merrill,Codling,mcodlingau@shutterfly.com,Male
1625,Goldi,Sexstone,gsexstoneav@about.me,Female
1626,Trula,Gherarducci,tgherarducciaw@indiegogo.com,Female
1627,Janella,Franklen,jfranklenax@census.gov,Female
1628,Jake,Elleton,jelletonay@wikimedia.org,Male
1629,Vicky,Slorach,vslorachaz@gmpg.org,Female
1630,Marcelle,Ainsley,mainsleyb0@exblog.jp,Female
1631,Chrystal,Vlahos,cvlahosb1@cbc.ca,Female
1632,Ebony,Filer,efilerb2@princeton.edu,Female
1633,Zachariah,Fyfield,zfyfieldb3@fda.gov,Male
1634,Carlynne,Gorham,cgorhamb4@cnn.com,Female
1635,Hillyer,Showen,hshowenb5@dion.ne.jp,Male
1636,Garrard,Ibbs,gibbsb6@webs.com,Male
1637,Modesta,Oldroyd,moldroydb7@businessweek.com,Female
1638,Deirdre,Corah,dcorahb8@bloomberg.com,Female
1639,Gan,Tommaseo,gtommaseob9@imageshack.us,Male
1640,Klemens,Claiden,kclaidenba@nih.gov,Male
1641,Richard,Rosengart,rrosengartbb@typepad.com,Male
1642,Guido,MacHostie,gmachostiebc@parallels.com,Male
1643,Mae,MacKim,mmackimbd@mashable.com,Female
1644,Cortie,Akred,cakredbe@1688.com,Male
1645,Bard,Hawkyens,bhawkyensbf@chronoengine.com,Male
1646,Ester,Grigoli,egrigolibg@newsvine.com,Female
1647,Curr,Mintram,cmintrambh@alibaba.com,Male
1648,Alyson,Trowell,atrowellbi@java.com,Female
1649,Aurie,Seniour,aseniourbj@plala.or.jp,Female
1650,Zerk,Zohrer,zzohrerbk@simplemachines.org,Male
1651,Loraine,Ankrett,lankrettbl@si.edu,Female
1652,Christa,Howling,chowlingbm@europa.eu,Female
1653,Shermy,Powderham,spowderhambn@quantcast.com,Male
1654,Nicol,de Grey,ndegreybo@cbsnews.com,Female
1655,Radcliffe,Sywell,rsywellbp@vinaora.com,Male
1656,Wendel,Pittendreigh,wpittendreighbq@nhs.uk,Male
1657,Donal,Beldom,dbeldombr@posterous.com,Male
1658,Noel,Murdy,nmurdybs@va.gov,Female
1659,Tabbitha,Mourant,tmourantbt@google.co.uk,Female
1660,Rodolph,McKinless,rmckinlessbu@census.gov,Male
1661,Taber,Greenhalgh,tgreenhalghbv@reddit.com,Male
1662,Esma,Wand,ewandbw@pinterest.com,Female
1663,Aldon,Waind,awaindbx@netvibes.com,Male
1664,Katine,Wilshaw,kwilshawby@scribd.com,Female
1665,Nomi,Burborough,nburboroughbz@ycombinator.com,Female
1666,Fairleigh,Abbe,fabbec0@blogtalkradio.com,Male
1667,Karney,Bollis,kbollisc1@hatena.ne.jp,Male
1668,Sara,Pearsall,spearsallc2@dailymail.co.uk,Female
1669,Christye,Valadez,cvaladezc3@amazon.com,Female
1670,Abbey,Mongin,amonginc4@google.co.jp,Female
1671,Josie,Blomfield,jblomfieldc5@cargocollective.com,Female
1672,Noach,Gong,ngongc6@wufoo.com,Male
1673,Perice,Cochran,pcochranc7@mozilla.com,Male
1674,Conny,Boeck,cboeckc8@mysql.com,Female
1675,Haley,Goude,hgoudec9@bandcamp.com,Male
1676,Coleman,Mielnik,cmielnikca@people.com.cn,Male
1677,Derril,Leele,dleelecb@g.co,Male
1678,Alvinia,Spera,asperacc@cbc.ca,Female
1679,Ira,Euston,ieustoncd@ed.gov,Male
1680,Merrile,Medwell,mmedwellce@shop-pro.jp,Female
1681,Cleavland,O'Concannon,coconcannoncf@gizmodo.com,Male
1682,Stevana,Spere,ssperecg@a8.net,Female
1683,Bernarr,Fawssett,bfawssettch@blog.com,Male
1684,Jonell,Underwood,junderwoodci@bloglovin.com,Female
1685,Romonda,Tidcombe,rtidcombecj@e-recht24.de,Female
1686,Shayla,Service,sserviceck@statcounter.com,Female
1687,Erroll,Labroue,elabrouecl@huffingtonpost.com,Male
1688,Kristine,Coulston,kcoulstoncm@wsj.com,Female
1689,Ariana,Vel,avelcn@odnoklassniki.ru,Female
1690,Elisabet,Cluley,ecluleyco@smh.com.au,Female
1691,Kin,Notti,knotticp@twitpic.com,Male
1692,Alyosha,Baudino,abaudinocq@whitehouse.gov,Male
1693,Renate,Ofield,rofieldcr@artisteer.com,Female
1694,Maryann,Guy,mguycs@marriott.com,Female
1695,Laverne,Franzetti,lfranzettict@barnesandnoble.com,Female
1696,Lissa,Hawler,lhawlercu@artisteer.com,Female
1697,Wayne,Barnwall,wbarnwallcv@blogtalkradio.com,Male
1698,Asia,Tugman,atugmancw@dedecms.com,Female
1699,Ban,Strathe,bstrathecx@craigslist.org,Male
1700,Corrine,Harrad,charradcy@twitter.com,Female
1701,Pincus,Alves,palvescz@foxnews.com,Male
1702,Siobhan,Lindores,slindoresd0@moonfruit.com,Female
1703,Madelon,Colville,mcolvilled1@ocn.ne.jp,Female
1704,Dannel,Greenig,dgreenigd2@facebook.com,Male
1705,Laurence,Garretson,lgarretsond3@surveymonkey.com,Male
1706,Merla,Mulloch,mmullochd4@nydailynews.com,Female
1707,Lynnea,Braven,lbravend5@google.cn,Female
1708,Renaud,Brilleman,rbrillemand6@booking.com,Male
1709,Corby,Rutherforth,crutherforthd7@google.fr,Male
1710,Gawain,Bryson,gbrysond8@naver.com,Male
1711,Foss,Norvel,fnorveld9@youtu.be,Male
1712,Breanne,Bagnell,bbagnellda@google.co.uk,Female
1713,Cassandra,Pordal,cpordaldb@youtube.com,Female
1714,Craggie,Marskell,cmarskelldc@mtv.com,Male
1715,Elvira,Davidwitz,edavidwitzdd@webnode.com,Female
1716,Johnna,Casseldine,jcasseldinede@state.gov,Female
1717,Gallard,Wymer,gwymerdf@hugedomains.com,Male
1718,Lorita,Fairburne,lfairburnedg@typepad.com,Female
1719,Sampson,Salvin,ssalvindh@msn.com,Male
1720,Angelle,Bausor,abausordi@odnoklassniki.ru,Female
1721,Humfrey,MacKonochie,hmackonochiedj@hibu.com,Male
1722,Haven,Roskruge,hroskrugedk@noaa.gov,Male
1723,Roosevelt,Neal,rnealdl@squarespace.com,Male
1724,Dewie,Mc Trusty,dmctrustydm@paginegialle.it,Male
1725,Felisha,Esley,fesleydn@hubpages.com,Female
1726,Rollo,Schuchmacher,rschuchmacherdo@google.co.jp,Male
1727,Arlyn,Goudy,agoudydp@tinypic.com,Female
1728,Elsie,Mimmack,emimmackdq@fda.gov,Female
1729,Travers,Gildersleaves,tgildersleavesdr@europa.eu,Male
1730,Karna,Monshall,kmonshallds@delicious.com,Female
1731,Elita,Le Galle,elegalledt@mapquest.com,Female
1732,Garwood,Chauvey,gchauveydu@123-reg.co.uk,Male
1733,Honoria,Vyvyan,hvyvyandv@timesonline.co.uk,Female
1734,Margot,Birkbeck,mbirkbeckdw@latimes.com,Female
1735,Nanice,Rame,nramedx@exblog.jp,Female
1736,Hall,Reeve,hreevedy@skype.com,Male
1737,Dede,McLellan,dmclellandz@cisco.com,Female
1738,Kip,Lehmann,klehmanne0@bbc.co.uk,Male
1739,Gabriele,Dumbarton,gdumbartone1@moonfruit.com,Male
1740,Rogers,Sheach,rsheache2@furl.net,Male
1741,Jillian,Laroze,jlarozee3@gravatar.com,Female
1742,Odo,Pitblado,opitbladoe4@illinois.edu,Male
1743,Herta,Klezmski,hklezmskie5@technorati.com,Female
1744,Tybi,Godbald,tgodbalde6@google.cn,Female
1745,Sadie,Staff,sstaffe7@360.cn,Female
1746,Sela,Nolan,snolane8@ovh.net,Female
1747,Edie,Ivankov,eivankove9@histats.com,Female
1748,Kaia,Grogono,kgrogonoea@360.cn,Female
1749,Anatol,Phetteplace,aphetteplaceeb@nsw.gov.au,Male
1750,Dag,Overstone,doverstoneec@techcrunch.com,Male
1751,Randolf,Geffinger,rgeffingered@yahoo.co.jp,Male
1752,Elene,Karus,ekarusee@vimeo.com,Female
1753,Ora,Haughan,ohaughanef@yandex.ru,Female
1754,Antoinette,Hulles,ahulleseg@wikia.com,Female
1755,Gaylene,Diable,gdiableeh@qq.com,Female
1756,Bear,Schultz,bschultzei@bloglovin.com,Male
1757,Edgard,Lindl,elindlej@webnode.com,Male
1758,Calli,O'Regan,coreganek@ted.com,Female
1759,Gualterio,Boyer,gboyerel@baidu.com,Male
1760,Donalt,Scones,dsconesem@timesonline.co.uk,Male
1761,Barrie,Ziebart,bziebarten@bloglines.com,Female
1762,Dukie,Husthwaite,dhusthwaiteeo@blog.com,Male
1763,Concettina,Hawket,chawketep@dailymotion.com,Female
1764,Madeline,McKintosh,mmckintosheq@tuttocitta.it,Female
1765,Vivia,Vineall,vvinealler@shutterfly.com,Female
1766,Dicky,Fausch,dfausches@vinaora.com,Male
1767,Sybila,Elders,selderset@geocities.jp,Female
1768,Elinore,Donald,edonaldeu@phpbb.com,Female
1769,Zack,Winspurr,zwinspurrev@washingtonpost.com,Male
1770,Janice,McCaskell,jmccaskellew@zdnet.com,Female
1771,Melessa,Taw,mtawex@nasa.gov,Female
1772,Birk,Kiernan,bkiernaney@themeforest.net,Male
1773,Aldo,Wehden,awehdenez@bloomberg.com,Male
1774,Whitby,Darrington,wdarringtonf0@blog.com,Male
1775,Susan,Prestage,sprestagef1@blinklist.com,Female
1776,Cos,Milton-White,cmiltonwhitef2@canalblog.com,Male
1777,Arvie,Berthon,aberthonf3@drupal.org,Male
1778,Roi,Wissbey,rwissbeyf4@bluehost.com,Male
1779,Clarette,De Ambrosis,cdeambrosisf5@hp.com,Female
1780,Karney,Fridlington,kfridlingtonf6@flavors.me,Male
1781,Adham,Mehmet,amehmetf7@biblegateway.com,Male
1782,Melodee,Sangster,msangsterf8@gmpg.org,Female
1783,Twila,Gwilym,tgwilymf9@google.it,Female
1784,Mick,Sokell,msokellfa@nymag.com,Male
1785,Amye,Peart,apeartfb@addtoany.com,Female
1786,Linus,Ioselevich,lioselevichfc@imgur.com,Male
1787,Melisent,Alaway,malawayfd@google.es,Female
1788,Antonetta,Trevaskiss,atrevaskissfe@abc.net.au,Female
1789,Anni,Sheavills,asheavillsff@woothemes.com,Female
1790,Hanna,Binne,hbinnefg@w3.org,Female
1791,Sholom,Gluyas,sgluyasfh@delicious.com,Male
1792,Josefina,Fayers,jfayersfi@mozilla.org,Female
1793,Deny,Goly,dgolyfj@foxnews.com,Female
1794,Cleavland,Teodori,cteodorifk@friendfeed.com,Male
1795,Jobi,Flucks,jflucksfl@opera.com,Female
1796,Stan,Spence,sspencefm@linkedin.com,Male
1797,Eirena,Tattam,etattamfn@hubpages.com,Female
1798,Munmro,Fundell,mfundellfo@nyu.edu,Male
1799,Misti,Swett,mswettfp@twitter.com,Female
1800,Lanie,Mindenhall,lmindenhallfq@netscape.com,Male
1801,Hamnet,Piatek,hpiatekfr@list-manage.com,Male
1802,Hadrian,Goly,hgolyfs@elpais.com,Male
1803,Tabbie,Bartosek,tbartosekft@studiopress.com,Female
1804,Cello,McCrone,cmccronefu@blogtalkradio.com,Male
1805,Ric,Dolby,rdolbyfv@whitehouse.gov,Male
1806,Terese,Vickarman,tvickarmanfw@samsung.com,Female
1807,Glenn,Casey,gcaseyfx@tiny.cc,Female
1808,Elyse,Grodden,egroddenfy@typepad.com,Female
1809,Lusa,Zipsell,lzipsellfz@ted.com,Female
1810,Brant,Rame,brameg0@hubpages.com,Male
1811,Spenser,Dwelling,sdwellingg1@hhs.gov,Male
1812,Walther,Gallelli,wgallellig2@hud.gov,Male
1813,Melba,Frangione,mfrangioneg3@rambler.ru,Female
1814,Rachelle,Dumphries,rdumphriesg4@zdnet.com,Female
1815,Padraig,Hauger,phaugerg5@bluehost.com,Male
1816,Maybelle,Duckit,mduckitg6@list-manage.com,Female
1817,Catriona,Keirle,ckeirleg7@bizjournals.com,Female
1818,Madella,Dugan,mdugang8@irs.gov,Female
1819,Silvana,Graysmark,sgraysmarkg9@businessweek.com,Female
1820,Gustave,Dollard,gdollardga@cam.ac.uk,Male
1821,Catlaina,Entissle,centisslegb@google.com.hk,Female
1822,Delmar,Burgane,dburganegc@printfriendly.com,Male
1823,Spence,Wahner,swahnergd@pcworld.com,Male
1824,Ellis,Folkard,efolkardge@omniture.com,Male
1825,Bibbie,Vassar,bvassargf@usnews.com,Female
1826,Robinett,Joules,rjoulesgg@symantec.com,Female
1827,Velma,Gendricke,vgendrickegh@hhs.gov,Female
1828,Sunny,Greedy,sgreedygi@squarespace.com,Female